id;name;description;settings
1;withdrawal;copying;ability Hat Iraq
2;magenta Concrete;User-centric Gloves;Mauritania
3;facilitate Tasty Concrete Chips Exclusive;Buckinghamshire capability zero tolerance;mission-critical
4;Berkshire Small Plastic Pants Investor;Canadian Dollar;Berkshire Designer
5;Credit Card Account;navigate;Re-contextualized
6;web-enabled invoice withdrawal;bypassing optical;installation
7;Argentine Peso;Kentucky Algerian Dinar Clothing;open-source turn-key
8;Sausages;disintermediate Cambridgeshire hacking;bricks-and-clicks Concrete Global
9;Fiji Dollar Profound Bacon;Macao Equatorial Guinea Vision-oriented;Agent
10;Human deposit;even-keeled Saint Helena Pound;Internal AI optical
